{"indexes":[{"v":{"$numberInt":"2"},"key":{"_id":{"$numberInt":"1"}},"name":"_id_"},{"v":{"$numberInt":"2"},"key":{"candidateId":{"$numberInt":"1"},"toSubEmployerId":{"$numberInt":"1"}},"name":"candidateId_1_toSubEmployerId_1","background":true,"unique":true},{"v":{"$numberInt":"2"},"key":{"fromEmployerId":{"$numberInt":"1"}},"name":"fromEmployerId_1","background":true},{"v":{"$numberInt":"2"},"key":{"toSubEmployerId":{"$numberInt":"1"}},"name":"toSubEmployerId_1","background":true},{"v":{"$numberInt":"2"},"key":{"status":{"$numberInt":"1"}},"name":"status_1","background":true},{"v":{"$numberInt":"2"},"key":{"applicationid":{"$numberInt":"1"},"toSubEmployerId":{"$numberInt":"1"}},"name":"applicationid_1_toSubEmployerId_1","background":true,"unique":true}],"uuid":"44893c5ba0a840db8617f02b75dcf2b9","collectionName":"forwardedcvs","type":"collection"}